{
    "code": [
        "128022.SZ",
        "128012.SZ",
        "110034.SH",
        "128017.SZ",
        "113009.SH",
        "123002.SZ",
        "113012.SH",
        "113010.SH",
        "110033.SH",
        "110030.SH",
        "128021.SZ",
        "128025.SZ",
        "113014.SH",
        "113016.SH",
        "128018.SZ",
        "128010.SZ",
        "123001.SZ",
        "110031.SH",
        "128014.SZ",
        "128020.SZ",
        "128016.SZ",
        "113013.SH",
        "128013.SZ",
        "127003.SZ",
        "113008.SH",
        "128019.SZ",
        "110039.SH",
        "113015.SH",
        "128015.SZ",
        "113011.SH",
        "110032.SH",
        "128023.SZ",
        "110038.SH",
        "127004.SZ",
        "121001.SZ",
        "117103.SZ",
        "113502.SH",
        "110040.SH"
    ],
    "rfp": [
        2.0114263199369584,
        1.5154760629752597,
        1.4530310041647385,
        1.4171287738755391,
        1.2813852813852813,
        1.0826055312954876,
        1.047508200190456,
        0.9011627906976745,
        0.7124239791485665,
        0.6982305117168819,
        0.6585612968591692,
        0.6330607512594523,
        0.6298944501191692,
        0.5552751135790005,
        0.5290387005619708,
        0.43152803650470833,
        0.417888105781825,
        0.38183279742765275,
        0.3780135004821601,
        0.3124679848376191,
        0.30404217926186294,
        0.2961972100133766,
        0.2567352377238309,
        0.2175348218054308,
        0.1610468042274786,
        0.1570868300088559,
        0.1313813813813814,
        0.10987153482082489,
        0.1069204805132183,
        0.0861986399770137,
        0.0740009866798224,
        0.053712480252764615,
        0.047103155911446065,
        0.040763784595580346,
        0.0,
        0.0,
        -0.04164931278633902,
        -1.4199890770071
    ],
    "ytm": [
        1.135,
        2.9803,
        0.4048,
        -0.7096,
        -1.4212,
        -0.0792,
        2.0098,
        -2.146,
        -2.2091,
        1.0621,
        1.8613,
        2.0791,
        -3.5161,
        1.9184,
        2.3078,
        -2.7855,
        2.9381,
        3.1642,
        1.6844,
        1.0833,
        -4.2623,
        0.8671,
        4.5309,
        5.1151,
        3.5541,
        1.8763,
        -11.3522,
        -8.4313,
        3.131,
        1.008,
        -8.5375,
        3.0378,
        0.5409,
        4.1152,
        2.9368,
        6.2588,
        2.9217,
        -3.7837
    ],
    "test": [
        1,
        2,
        3
    ]
}