{
    "code": [
        "113015.SH",
        "113013.SH",
        "128016.SZ",
        "113014.SH",
        "110038.SH",
        "128010.SZ",
        "110034.SH",
        "113009.SH",
        "110033.SH",
        "128012.SZ",
        "113011.SH",
        "128020.SZ",
        "128022.SZ",
        "123002.SZ",
        "113012.SH",
        "113502.SH",
        "128021.SZ",
        "128015.SZ",
        "110039.SH",
        "110032.SH",
        "110040.SH",
        "113503.SH",
        "128025.SZ",
        "127004.SZ",
        "128013.SZ",
        "128017.SZ",
        "113016.SH",
        "128019.SZ",
        "128018.SZ",
        "123001.SZ",
        "110031.SH",
        "128023.SZ",
        "113008.SH",
        "127003.SZ",
        "110030.SH",
        "128014.SZ",
        "121001.SZ",
        "117103.SZ",
        "128026.SZ",
        "113010.SH"
    ],
    "rfp": [
        3.2489451476793247,
        2.6149343906353253,
        2.4701873935264054,
        2.352841246920921,
        2.2780102278010226,
        2.2176855765728374,
        2.0825787758058674,
        1.7150170648464165,
        1.6344850948509486,
        1.3347001108763414,
        1.2948960302457466,
        1.105988005906639,
        0.9692898272552783,
        0.9614527033053282,
        0.9537632179141613,
        0.8515941426939454,
        0.8461921353907417,
        0.8316008316008316,
        0.7744704674815713,
        0.7027795325331648,
        0.6993633999820676,
        0.6974459724950884,
        0.589601026455673,
        0.5882352941176471,
        0.4313133491481561,
        0.4244833202528334,
        0.41,
        0.33612565445026177,
        0.31446540880503143,
        0.31159742854480893,
        0.2797482265960635,
        0.2729945401091978,
        0.20040080160320642,
        0.061224489795918366,
        0.056925996204933584,
        0.0453832044324263,
        0.0,
        0.0,
        -0.31,
        -0.3463869912441066
    ],
    "ytm": [
        -10.0996,
        0.2201,
        -6.1161,
        -4.0139,
        -0.1897,
        -3.4398,
        -0.3004,
        -1.8939,
        -3.0769,
        2.3014,
        0.5122,
        0.1195,
        0.8632,
        -0.4002,
        1.5394,
        2.7227,
        1.525,
        2.8378,
        -13.8093,
        -10.7188,
        -5.6456,
        -0.3543,
        1.9592,
        3.9595,
        4.3965,
        -1.2687,
        1.7791,
        1.6539,
        2.0151,
        2.7952,
        3.0335,
        2.9522,
        3.4016,
        4.986,
        0.9816,
        1.3663,
        2.9795,
        6.2914,
        1.9076,
        -1.7289
    ]
}